Workbook

Sheet Dashboard
B2: Relatório Executivo de Vendas & Estoque
B4: FATURAMENTO TOTAL | E4: PRODUTOS VENDIDOS | H4: ALERTAS DE ESTOQUE (CRÍTICO)
B5: ='Dados de Vendas'!G17 | E5: ='Dados de Vendas'!F17 | H5: =COUNTIF('Dados de Vendas'!H2:H16, "<=5")
B8: Desempenho por Categoria
B9: Categoria | C9: Total Vendido | D9: Faturamento
B10: Hardware | C10: =SUMIF('Dados de Vendas'!D$2:D$16, B10, 'Dados de Vendas'!F$2:F$16) | D10: =SUMIF('Dados de Vendas'!D$2:D$16, B10, 'Dados de Vendas'!G$2:G$16)
B11: Periféricos | C11: =SUMIF('Dados de Vendas'!D$2:D$16, B11, 'Dados de Vendas'!F$2:F$16) | D11: =SUMIF('Dados de Vendas'!D$2:D$16, B11, 'Dados de Vendas'!G$2:G$16)
B12: Móveis | C12: =SUMIF('Dados de Vendas'!D$2:D$16, B12, 'Dados de Vendas'!F$2:F$16) | D12: =SUMIF('Dados de Vendas'!D$2:D$16, B12, 'Dados de Vendas'!G$2:G$16)
B13: Áudio | C13: =SUMIF('Dados de Vendas'!D$2:D$16, B13, 'Dados de Vendas'!F$2:F$16) | D13: =SUMIF('Dados de Vendas'!D$2:D$16, B13, 'Dados de Vendas'!G$2:G$16)
B14: Elétrica | C14: =SUMIF('Dados de Vendas'!D$2:D$16, B14, 'Dados de Vendas'!F$2:F$16) | D14: =SUMIF('Dados de Vendas'!D$2:D$16, B14, 'Dados de Vendas'!G$2:G$16)
B15: Acessórios | C15: =SUMIF('Dados de Vendas'!D$2:D$16, B15, 'Dados de Vendas'!F$2:F$16) | D15: =SUMIF('Dados de Vendas'!D$2:D$16, B15, 'Dados de Vendas'!G$2:G$16)
B16: Total | C16: =SUM(C10:C15) | D16: =SUM(D10:D15)

Sheet Dados de Vendas
A1: ID Venda | B1: Data da Venda | C1: Produto | D1: Categoria | E1: Preço Unitário | F1: Quantidade Vendida | G1: Faturamento Total | H1: Estoque Atual
A2: 1001 | B2: 46174 | C2: Teclado Mecânico RGB | D2: Periféricos | E2: 349.9 | F2: 5 | G2: =E2*F2 | H2: 45
A3: 1002 | B3: 46175 | C3: Monitor Gamer 24' | D3: Monitores | E3: 1299 | F3: 2 | G3: =E3*F3 | H3: 8
A4: 1003 | B4: 46175 | C4: Mouse Gamer Wireless | D4: Periféricos | E4: 259.9 | F4: 10 | G4: =E4*F4 | H4: 80
A5: 1004 | B5: 46176 | C5: Cadeira Ergonômica | D5: Móveis | E5: 899 | F5: 3 | G5: =E5*F5 | H5: 4
A6: 1005 | B6: 46178 | C6: Headset HyperX | D6: Áudio | E6: 419.9 | F6: 7 | G6: =E6*F6 | H6: 15
A7: 1006 | B7: 46179 | C7: SSD NVMe 1TB | D7: Hardware | E7: 480 | F7: 12 | G7: =E7*F7 | H7: 3
A8: 1007 | B8: 46181 | C8: Memória RAM 16GB | D8: Hardware | E8: 320 | F8: 8 | G8: =E8*F8 | H8: 22
A9: 1008 | B9: 46183 | C9: Gabinete ATX Aquário | D9: Hardware | E9: 399 | F9: 4 | G9: =E9*F9 | H9: 12
A10: 1009 | B10: 46185 | C10: Webcam Full HD | D10: Periféricos | E10: 199.9 | F10: 15 | G10: =E10*F10 | H10: 50
A11: 1010 | B11: 46188 | C11: Mesa Direcional L | D11: Móveis | E11: 750 | F11: 1 | G11: =E11*F11 | H11: 2
A12: 1011 | B12: 46191 | C12: Microfone Condensador | D12: Áudio | E12: 299 | F12: 6 | G12: =E12*F12 | H12: 18
A13: 1012 | B13: 46193 | C13: Placa de Vídeo RTX 4060 | D13: Hardware | E13: 2100 | F13: 3 | G13: =E13*F13 | H13: 5
... A16: 1015 | B16: 46199 | C16: Water Cooler 240mm | D16: Hardware | E16: 450 | F16: 5 | G16: =E16*F16 | H16: 7
A17: Total | F17: =SUM(F2:F16) | G17: =SUM(G2:G16)
